GroupDir,senti_mean_mean,senti_mean_sd
new,-0.27195589625133715,0.05516063425519467
old,-0.24052304088510268,0.07373812452554422
